[
    {
        "id": 1,
        "name": "Besoins satifaits par le produit",
        "content": "",
        "data": "",
        "output": "",
        "status" : 0
    },
    {
        "id": 2,
        "name": "Motivation à utiliser le produit le produit",
        "content": "",
        "data": "",
        "output": "",
        "status" : 0
    },
    {
        "id": 3,
        "name": "Positionnement",
        "content": "",
        "data": "",
        "output": "",
        "status" : 0
    },
    {
        "id": 4,
        "name": "Récapitulatif du projet et suggestions",
        "content": "",
        "data": "",
        "output": "",
        "status" : 0
    },
    {
        "id": 5,
        "name": "Rédaction d'un contenu web",
        "content": "",
        "data": "",
        "output": "",
        "status" : 0
    },
    {
        "id": 6,
        "name": "Optimisation d'une stratégie",
        "content": "",
        "data": "",
        "output": "",
        "status" : 0
    }
]